IP地址,数据中心,地区,城市,网络延迟
2606:4700:a9:a3d7:da8e:f2c9:379c:5a3e,SJC,North America,San Jose,175 ms
2606:4700:57:7c43:9360:8922:5786:8cdb,SJC,North America,San Jose,179 ms
2606:4700:f4:dd9a:c033:3636:6e57:c39c,LAX,North America,Los Angeles,188 ms
2606:4700:311f:ae28:731a:eace:376b:d26c,LAX,North America,Los Angeles,189 ms
2606:4700:3115:79fe:b00f:ddd7:c7e4:982a,LAX,North America,Los Angeles,196 ms
2a06:98c1:3108:584c:3b6e:4701:db80:5a2f,LAX,North America,Los Angeles,197 ms
2606:4700:9:ca22:9bd6:304d:d2ce:ed5a,LAX,North America,Los Angeles,200 ms
2a06:98c1:3106:994f:ee4c:9670:acd9:130d,LAX,North America,Los Angeles,201 ms
2606:4700:5c:68f4:3f2b:2fe0:6154:3e3c,LAX,North America,Los Angeles,202 ms
2a06:98c1:3109:d217:a3d3:8d69:fcaa:adb7,LAX,North America,Los Angeles,203 ms
2606:4700:3117:8d21:42f:61fe:1860:5737,LAX,North America,Los Angeles,205 ms
2a06:98c1:50:6b8:8066:6a03:12ed:4c54,LAX,North America,Los Angeles,206 ms
2a06:98c1:3104:c47e:dc6a:7b1f:428d:1441,LAX,North America,Los Angeles,206 ms
2606:4700:3002:363d:929f:2919:e35a:a84a,LAX,North America,Los Angeles,206 ms
2803:f800:52:c076:233c:af08:599d:7a3,LAX,North America,Los Angeles,207 ms
2a06:98c1:52:2b4e:a6da:8058:b8cb:6ce4,LAX,North America,Los Angeles,207 ms
2606:4700:7:2636:5c3f:3708:dcab:c7ee,LAX,North America,Los Angeles,207 ms
2606:4700:440d:711f:352b:8bb1:c49f:be5e,LAX,North America,Los Angeles,207 ms
2a06:98c1:51:74b8:e5c1:66fc:6949:e813,LAX,North America,Los Angeles,208 ms
2803:f800:51:ea0e:9b7f:cc26:ca16:e274,LAX,North America,Los Angeles,208 ms
2606:4700:440c:62e0:3c30:d5e9:ea06:832f,LAX,North America,Los Angeles,208 ms
2606:4700:311e:a992:af5e:3adf:ab12:a19,LAX,North America,Los Angeles,208 ms
2a06:98c1:3100:21ba:3029:967e:be8d:f585,LAX,North America,Los Angeles,208 ms
2a06:98c1:3102:c8f9:5bbb:22ed:11b6:748f,LAX,North America,Los Angeles,208 ms
2606:4700:440a:13de:60d9:8393:dfe8:6963,LAX,North America,Los Angeles,208 ms
2606:4700:58:5629:4a54:fa54:179c:6ec7,LAX,North America,Los Angeles,209 ms
2606:4700:56:2400:f015:e130:c71e:f746,LAX,North America,Los Angeles,209 ms
2606:4700:3114:d6f4:38d8:a3a1:962e:2419,LAX,North America,Los Angeles,209 ms
2606:4700:54:b2dd:e733:cbfe:61d3:956c,LAX,North America,Los Angeles,209 ms
2606:4700:101:181e:cf53:e1c7:5860:2e4a,LAX,North America,Los Angeles,210 ms
2606:4700:440f:7d50:d265:f309:4035:81dd,LAX,North America,Los Angeles,210 ms
2606:4700:4402:cf03:75dc:cbf6:ad7d:4f70,LAX,North America,Los Angeles,211 ms
2606:4700:4404:bbd5:5a01:4e4b:719f:9434,LAX,North America,Los Angeles,211 ms
2606:4700:4406:2473:4fbe:c4f3:acd4:42e9,LAX,North America,Los Angeles,211 ms
2606:4700:a1:3b4f:f760:df3a:3543:f8e0,LAX,North America,Los Angeles,211 ms
2606:4700:4409:898e:ebc3:fa7a:5b61:245a,LAX,North America,Los Angeles,211 ms
2803:f800:54:c71:117b:e1f9:de55:14a6,LAX,North America,Los Angeles,212 ms
2606:4700:3007:24a6:62d4:7426:3a49:1b17,LAX,North America,Los Angeles,212 ms
2606:4700:5b:bf53:55df:992c:4a14:9065,LAX,North America,Los Angeles,212 ms
2606:4700:3112:cf5c:f36a:152c:e04f:a9e0,LAX,North America,Los Angeles,212 ms
2606:4700:5a:d2c1:2981:afe1:d5e8:c22f,LAX,North America,Los Angeles,212 ms
2a06:98c1:58:4e20:3e59:c79a:63ab:3d48,LAX,North America,Los Angeles,213 ms
2a06:98c1:3103:621d:d3f5:3feb:d4e7:a8cd,LAX,North America,Los Angeles,213 ms
2606:4700:2:2af:faf3:1482:9235:4b8f,LAX,North America,Los Angeles,213 ms
2606:4700:59:2de8:90e8:80b0:88f6:4767,LAX,North America,Los Angeles,213 ms
2a06:98c1:3105:826a:5d34:9ead:5563:a8c4,LAX,North America,Los Angeles,213 ms
2606:4700:51:7cdd:d5ae:a50a:7304:947,LAX,North America,Los Angeles,213 ms
2606:4700:310c:d9b:6861:86af:92c7:4c1d,LAX,North America,Los Angeles,214 ms
2606:4700:0:10b9:56a5:5c8c:3dd8:96dc,LAX,North America,Los Angeles,214 ms
2606:4700:4401:7629:3e58:b5d2:40b9:a05d,LAX,North America,Los Angeles,214 ms
2606:4700:53:fe07:10b4:ce07:bcbf:1f51,LAX,North America,Los Angeles,214 ms
2606:4700:f:41ed:59f9:1b02:8f27:666e,LAX,North America,Los Angeles,214 ms
2a06:98c1:310d:52cf:e0c9:5835:7906:dee3,LAX,North America,Los Angeles,214 ms
2a06:98c1:310c:289d:a56e:2172:39f4:65d4,LAX,North America,Los Angeles,214 ms
2606:4700:3111:4ada:1ee3:7879:7a3c:ff10,LAX,North America,Los Angeles,214 ms
2606:4700:3001:24b5:758a:870c:b7ef:e138,LAX,North America,Los Angeles,215 ms
2606:4700:440b:ce70:99ad:ec70:e2d0:43c4,LAX,North America,Los Angeles,215 ms
2606:4700:3000:c4c:87fc:c9e5:9db8:3e3f,LAX,North America,Los Angeles,215 ms
2606:4700:4407:acf5:978e:2def:811a:3e11,LAX,North America,Los Angeles,215 ms
2606:4700:3108:c7b4:442c:80a5:ce6b:e98f,LAX,North America,Los Angeles,216 ms
2606:4700:10f:b4f7:7d65:fe4c:adca:ea69,LAX,North America,Los Angeles,216 ms
2a06:98c1:310e:b478:b35b:1be5:e56e:f9ff,LAX,North America,Los Angeles,216 ms
2a06:98c1:53:fd5a:610:59aa:3e28:42e5,LAX,North America,Los Angeles,216 ms
2606:4700:4408:f968:637:b8a:75da:dad9,LAX,North America,Los Angeles,216 ms
2803:f800:50:642a:e8b1:64f6:87c4:70b1,LAX,North America,Los Angeles,216 ms
2a06:98c1:3101:f2e9:4228:aa4f:f13e:fe6d,LAX,North America,Los Angeles,217 ms
2400:cb00:2049:641f:7fb2:aa23:e646:1c3b,LAX,North America,Los Angeles,217 ms
2606:4700:3056:6d48:2999:d155:47a8:5409,LAX,North America,Los Angeles,217 ms
2606:4700:3119:eb9b:2e86:7fdb:842:eb35,LAX,North America,Los Angeles,217 ms
2606:4700:3025:bc35:8110:2945:8a8d:1bd7,LAX,North America,Los Angeles,217 ms
2606:4700:8:3706:38cf:2c2a:f4f0:d6c7,LAX,North America,Los Angeles,218 ms
2606:4700:d:88cc:704d:67:6d3b:bfc2,LAX,North America,Los Angeles,218 ms
2606:4700:4403:3fe6:c99a:62c9:dfb0:5955,LAX,North America,Los Angeles,218 ms
2606:4700:4405:ae79:4ed1:a282:6e07:ae31,LAX,North America,Los Angeles,218 ms
2606:4700:300a:58dc:f10f:9968:b72b:308d,LAX,North America,Los Angeles,218 ms
2606:4700:6:47ac:454c:fe21:66f2:d8a1,LAX,North America,Los Angeles,218 ms
2606:4700:3003:6952:bbea:8ae3:caac:b98c,LAX,North America,Los Angeles,219 ms
2606:4700:3:1155:775e:66db:fd4d:eb82,LAX,North America,Los Angeles,219 ms
2a06:98c1:56:1004:325d:53f9:56a2:ec8c,LAX,North America,Los Angeles,219 ms
2606:4700:e:5581:4a45:86a2:33:a02c,LAX,North America,Los Angeles,219 ms
2606:4700:24:472f:858b:6b3:3b0a:6546,LAX,North America,Los Angeles,219 ms
2606:4700:50:ad9c:17f1:3fb2:2ef3:f0ee,LAX,North America,Los Angeles,220 ms
2a06:98c1:310a:2efb:cd90:1c6c:714b:6333,LAX,North America,Los Angeles,220 ms
2606:4700:a:1cb:4f30:eb9e:16c3:dcbd,LAX,North America,Los Angeles,220 ms
2606:4700:4400:3616:3565:880f:f04d:7a3b,LAX,North America,Los Angeles,220 ms
2606:4700:4700:1ec0:4351:e799:36eb:7ef8,LAX,North America,Los Angeles,220 ms
2803:f800:53:856e:cf61:ca0c:a764:43e7,LAX,North America,Los Angeles,220 ms
2606:4700:5:e941:d068:8aca:69d1:9418,LAX,North America,Los Angeles,221 ms
2606:4700:3005:5a69:83d:e43a:a64d:5d1e,LAX,North America,Los Angeles,221 ms
2606:4700:1:b8f:2872:2d7:a31e:13b6,LAX,North America,Los Angeles,221 ms
2606:4700:4:3934:b1bf:bc0b:289a:8e8f,LAX,North America,Los Angeles,221 ms
2a06:98c1:310b:3167:2d19:54e:3b4e:319c,LAX,North America,Los Angeles,221 ms
2a06:98c1:3107:509c:80e:8117:8cf7:e8ba,LAX,North America,Los Angeles,221 ms
2606:4700:c:e950:a3e2:a374:49f8:e168,LAX,North America,Los Angeles,222 ms
2606:4700:b:80f3:5b6b:2f22:84fa:89da,LAX,North America,Los Angeles,222 ms
2606:4700:a0:ebed:732d:c229:93f4:456f,LAX,North America,Los Angeles,222 ms
2606:4700:13:8ea8:c02:92b3:191f:e5d5,LAX,North America,Los Angeles,222 ms
2a06:98c1:310f:c3b6:16cc:e039:e091:e6a9,LAX,North America,Los Angeles,222 ms
2606:4700:300b:40f5:284a:5f4a:e98e:6fec,LAX,North America,Los Angeles,223 ms
2606:4700:440e:357c:da9d:f1f1:bcef:dd8e,LAX,North America,Los Angeles,223 ms
2606:4700:3055:b90d:ef32:71b9:e5d6:632,LAX,North America,Los Angeles,223 ms
2606:4700:14:1d39:f09e:c1d8:83af:d01,LAX,North America,Los Angeles,224 ms
2606:4700:2a:a01c:e9d9:f4fe:4a50:b6cf,LAX,North America,Los Angeles,224 ms
2606:4700:3009:1962:d5a:fea5:e5ab:5eeb,LAX,North America,Los Angeles,224 ms
2606:4700:52:9d96:3d45:304a:2962:66b1,LAX,North America,Los Angeles,225 ms
2400:cb00:f00e:a0c8:6b3:2bbf:6869:5a9d,LAX,North America,Los Angeles,226 ms
2606:4700:3004:22ad:a1ef:fe19:acbf:1c54,LAX,North America,Los Angeles,226 ms
2606:4700:3024:d59e:fbcd:f20e:39e7:a7ba,LAX,North America,Los Angeles,228 ms
2606:4700:3006:ec71:d0f6:1b4c:b83a:fe9,LAX,North America,Los Angeles,229 ms
2606:4700:1a:d8a4:1cf1:962:89ac:67e3,LAX,North America,Los Angeles,230 ms
2606:4700:12:66fa:5858:309:e594:bab4,LAX,North America,Los Angeles,232 ms
2606:4700:20:3b2:b962:ada1:8829:bc22,LAX,North America,Los Angeles,262 ms
2606:4700:28:caa9:19b1:8562:1d06:9df3,LAX,North America,Los Angeles,263 ms
2606:4700:1e:49a2:c78a:c61f:88d7:12ea,LAX,North America,Los Angeles,271 ms
2606:4700:2e:5cc0:9491:a610:6897:6280,LAX,North America,Los Angeles,279 ms
2606:4700:83b0:b63a:999:17ae:2701:5b9,MAA,Asia Pacific,Chennai,284 ms
2606:4700:83b2:1d77:af4f:3f6a:69bc:4d52,MAA,Asia Pacific,Chennai,285 ms
2606:4700:83b4:da4c:e76d:ae66:bf61:18a4,MAA,Asia Pacific,Chennai,286 ms
2606:4700:83b1:d3e6:7ab3:a272:ab22:4fe7,MAA,Asia Pacific,Chennai,290 ms
2606:4700:83b8:1232:cfbe:69b7:a969:9ff,MAA,Asia Pacific,Chennai,290 ms
2606:4700:83b3:d727:827a:55f1:70b5:407,MAA,Asia Pacific,Chennai,290 ms
2606:4700:83b7:d4d5:6a51:f635:8c79:64d3,MAA,Asia Pacific,Chennai,290 ms
2606:4700:83b9:799a:d6ae:ad24:fded:fef3,MAA,Asia Pacific,Chennai,293 ms
2606:4700:83b6:da63:7e8d:7e0d:6c91:c03d,MAA,Asia Pacific,Chennai,298 ms
2606:4700:83b5:6ecb:55db:36de:ac99:72a4,MAA,Asia Pacific,Chennai,302 ms
2606:4700:83bb:ceb8:d3d4:b63f:61e8:62d2,MAA,Asia Pacific,Chennai,303 ms
2606:4700:83ba:2f98:8edb:dc79:20bd:8ef8,MAA,Asia Pacific,Chennai,303 ms
2606:4700:2d:271e:db30:20f8:3a98:df07,LAX,North America,Los Angeles,304 ms
2606:4700:3015:c39:4e62:e990:f5e5:22ce,LAX,North America,Los Angeles,305 ms
2606:4700:8ddd:d500:b28b:778b:6ae1:4c30,CDG,Europe,Paris,326 ms
2606:4700:9ad9:1315:5407:f66e:fc69:b651,CDG,Europe,Paris,327 ms
2606:4700:9ad4:cc3a:c49f:358c:86d4:a09c,CDG,Europe,Paris,327 ms
2606:4700:9c69:2913:426c:1789:3041:bbdb,CDG,Europe,Paris,328 ms
2606:4700:964d:952c:9325:a3e7:3e45:fe5b,CDG,Europe,Paris,328 ms
2606:4700:8dde:2a22:fc0e:3c46:57a9:a0d8,CDG,Europe,Paris,328 ms
2606:4700:91b1:358d:20a5:37ef:67b5:4546,CDG,Europe,Paris,329 ms
2606:4700:9ad3:f994:790c:a9af:634e:37f0,CDG,Europe,Paris,329 ms
2606:4700:9647:351e:fb9c:f8f8:82a3:5abe,CDG,Europe,Paris,329 ms
2606:4700:8ddc:9db:9168:d718:252b:932b,CDG,Europe,Paris,330 ms
2606:4700:91ba:b41d:f849:1bf8:e476:8616,CDG,Europe,Paris,330 ms
2606:4700:9b01:4a9f:fc3c:eaae:6530:78c7,CDG,Europe,Paris,331 ms
2606:4700:8cad:5dbe:c5e7:7c13:2ed6:b89d,CDG,Europe,Paris,331 ms
2606:4700:9a66:ed0e:ce5c:b663:37c6:1cf8,CDG,Europe,Paris,331 ms
2606:4700:9ae5:86d7:3ce5:8721:9171:81d1,CDG,Europe,Paris,331 ms
2606:4700:976c:fe18:73c3:9e45:d70c:d840,CDG,Europe,Paris,331 ms
2606:4700:9ad5:9653:7919:b0b1:1f2e:a2d7,CDG,Europe,Paris,331 ms
2606:4700:99e3:d260:eef2:4e95:2955:5de0,CDG,Europe,Paris,332 ms
2606:4700:90cf:617c:4720:2883:cca0:8256,CDG,Europe,Paris,332 ms
2606:4700:8dd0:9158:44e1:6063:abe8:d553,CDG,Europe,Paris,332 ms
2606:4700:8d9c:4e5e:5f02:cb25:5174:ae59,CDG,Europe,Paris,332 ms
2606:4700:9a9a:87f:770d:58be:e409:2567,CDG,Europe,Paris,332 ms
2606:4700:9c6d:b485:da62:7967:a14c:3c2,CDG,Europe,Paris,333 ms
2606:4700:8de8:c7d6:e2ea:6fbb:7e41:8543,CDG,Europe,Paris,333 ms
2606:4700:8d90:96c:6969:2207:e820:e8be,CDG,Europe,Paris,333 ms
2606:4700:91bc:3e5e:4856:ed2e:b847:f8d8,CDG,Europe,Paris,333 ms
2606:4700:8dd2:8b9f:961:213b:dc23:9770,CDG,Europe,Paris,333 ms
2606:4700:976f:b11d:dabf:a515:e64c:c810,CDG,Europe,Paris,333 ms
2606:4700:90da:4ee3:39a1:9625:6ec5:9fc6,CDG,Europe,Paris,334 ms
2606:4700:8de5:647:8d3a:9df1:169f:6773,CDG,Europe,Paris,334 ms
2606:4700:8d77:e084:ebfe:154a:d8dc:94c0,CDG,Europe,Paris,334 ms
2606:4700:9a9f:b6b1:9288:651c:9563:a8bd,CDG,Europe,Paris,334 ms
2606:4700:9aeb:4c52:6ed0:226f:6d40:16c4,CDG,Europe,Paris,334 ms
2606:4700:9aea:ab4f:e765:58e1:bb98:7cea,CDG,Europe,Paris,334 ms
2606:4700:9ae7:14aa:a339:d744:9b4b:6cfd,CDG,Europe,Paris,334 ms
2606:4700:976d:e414:aae3:8e5:2848:731,CDG,Europe,Paris,334 ms
2606:4700:90c0:2c05:8be6:d41a:895b:213a,CDG,Europe,Paris,334 ms
2606:4700:9646:5f24:8b6c:552f:4cb3:9f34,CDG,Europe,Paris,334 ms
2606:4700:8d98:5160:b20d:8acc:e07f:5821,CDG,Europe,Paris,334 ms
2606:4700:9a9d:5c9e:68f0:4216:5261:256d,CDG,Europe,Paris,334 ms
2606:4700:9ae0:5f54:d52f:455:c1af:7bbe,CDG,Europe,Paris,334 ms
2606:4700:9760:457b:f00f:e37:534b:2bef,CDG,Europe,Paris,335 ms
2606:4700:9ade:2891:4f61:be6e:6674:117a,CDG,Europe,Paris,335 ms
2606:4700:839e:95a8:c496:592a:3f75:df9,CDG,Europe,Paris,335 ms
2606:4700:976b:cb8:41e8:72b2:39e:8b42,CDG,Europe,Paris,335 ms
2606:4700:9765:6e69:3ac2:6aac:e16:3f71,CDG,Europe,Paris,335 ms
2606:4700:9b0b:ba99:a23a:2a2e:bb58:9676,CDG,Europe,Paris,335 ms
2606:4700:9c67:2c9e:c8e0:4225:bb1e:8c9a,CDG,Europe,Paris,335 ms
2606:4700:83bd:71cc:9d3b:2094:5b37:9639,CDG,Europe,Paris,335 ms
2606:4700:9ad7:bf43:253b:64e:ec6c:bf54,CDG,Europe,Paris,335 ms
2606:4700:839f:905c:5227:4881:f6a4:bd8d,CDG,Europe,Paris,335 ms
2606:4700:9a96:c11f:1e12:fe04:36fc:f39a,CDG,Europe,Paris,335 ms
2606:4700:9ae1:c1a7:647a:9e93:9494:91d1,CDG,Europe,Paris,336 ms
2606:4700:8d78:6c37:81dc:acb5:9d71:3fd5,CDG,Europe,Paris,336 ms
2606:4700:90c2:1013:74ef:dd2e:b130:8913,CDG,Europe,Paris,336 ms
2606:4700:9c6c:58d2:1c9e:5432:51bc:9eff,CDG,Europe,Paris,336 ms
2606:4700:9a91:452:7f00:c64f:c689:2c98,CDG,Europe,Paris,336 ms
2606:4700:8395:d6c5:7dcb:2349:e647:dae9,CDG,Europe,Paris,336 ms
2606:4700:8dd7:b3d6:7471:6940:e79d:bbb9,CDG,Europe,Paris,336 ms
2606:4700:8d95:7689:e945:2258:819c:edc,CDG,Europe,Paris,336 ms
2606:4700:8d70:59f9:40d7:abe9:c726:bcca,CDG,Europe,Paris,336 ms
2606:4700:83bf:1284:c463:c45a:f611:7ad3,CDG,Europe,Paris,336 ms
2606:4700:90c8:388f:dcaa:651a:ad32:18a9,CDG,Europe,Paris,336 ms
2606:4700:9ae4:d6f9:c8b4:9045:3e94:723a,CDG,Europe,Paris,336 ms
2606:4700:9a60:c6ec:6301:c7d2:910f:3776,CDG,Europe,Paris,336 ms
2606:4700:9ae9:867f:f4bc:134f:d821:c61f,CDG,Europe,Paris,336 ms
2606:4700:8de6:cfbc:3b93:5a28:d132:ce31,CDG,Europe,Paris,336 ms
2606:4700:8d92:dc0b:dc5f:427d:61d6:eae,CDG,Europe,Paris,336 ms
2606:4700:964e:e6c0:3aba:4f19:b1d1:c89d,CDG,Europe,Paris,336 ms
2606:4700:9762:82bd:c9ac:e78d:788d:d9d,CDG,Europe,Paris,336 ms
2606:4700:9a9b:3d5a:3f0b:9800:e358:17f1,CDG,Europe,Paris,336 ms
2606:4700:8de7:6c22:f4e5:5273:222a:b7f9,CDG,Europe,Paris,337 ms
2606:4700:9a61:d68e:eed0:73e3:bb15:7304,CDG,Europe,Paris,337 ms
2606:4700:99e9:c875:1746:7670:42d2:c552,CDG,Europe,Paris,337 ms
2606:4700:99e1:76a4:c6e6:2466:be63:8459,CDG,Europe,Paris,337 ms
2606:4700:91b2:d3fd:29bb:1c8c:41f2:ced9,CDG,Europe,Paris,337 ms
2606:4700:9644:e833:e3e6:9d16:5558:c2a1,CDG,Europe,Paris,337 ms
2606:4700:90d1:b078:a116:d7f:e2b6:69c,CDG,Europe,Paris,337 ms
2606:4700:90c4:bcfa:f6e9:4442:abed:c97c,CDG,Europe,Paris,337 ms
2606:4700:90c3:190e:4b82:906e:d70e:59f6,CDG,Europe,Paris,337 ms
2606:4700:964f:f0b0:2fb8:f92d:83ad:2959,CDG,Europe,Paris,337 ms
2606:4700:90ce:41e0:75c7:f86e:8d2b:4857,CDG,Europe,Paris,337 ms
2606:4700:9b08:2d5c:cd93:2da3:1945:5b79,CDG,Europe,Paris,338 ms
2606:4700:83bc:f699:eabd:a1fc:8363:1630,CDG,Europe,Paris,338 ms
2606:4700:8deb:fcc:f2f5:c776:3567:1cfc,CDG,Europe,Paris,338 ms
2606:4700:9b03:e1cb:8d85:dea3:3d99:2de,CDG,Europe,Paris,338 ms
2606:4700:8d73:fd5e:a7bd:2a0f:d2a5:20cf,CDG,Europe,Paris,338 ms
2606:4700:91b5:b928:46fb:f1f5:5dfe:5d7b,CDG,Europe,Paris,338 ms
2606:4700:9aef:5c17:5381:38a6:b546:a2bb,CDG,Europe,Paris,338 ms
2606:4700:9b0a:802c:432:f14a:7a12:e043,CDG,Europe,Paris,338 ms
2606:4700:8de2:5f45:ce85:c24:c37d:57b2,CDG,Europe,Paris,338 ms
2606:4700:9a6d:4550:e6e5:a57b:c259:998d,CDG,Europe,Paris,338 ms
2606:4700:8d72:2c1a:3cc2:ec60:e25d:e537,CDG,Europe,Paris,338 ms
2606:4700:9ae2:565f:f740:42c6:7a5b:16ab,CDG,Europe,Paris,339 ms
2606:4700:8391:d16f:cc3:f641:1f7b:4f6,CDG,Europe,Paris,339 ms
2606:4700:8dea:5111:d85f:f4b6:7b30:670d,CDG,Europe,Paris,339 ms
2606:4700:8393:de01:8c16:f23:6de1:4cf2,CDG,Europe,Paris,339 ms
2606:4700:90c7:60b2:861d:980b:a06e:a0b9,CDG,Europe,Paris,339 ms
2606:4700:90d5:6d9:2134:c9d8:563:e5c5,CDG,Europe,Paris,339 ms
2606:4700:8ca7:c2c0:311a:b3e1:4701:6581,CDG,Europe,Paris,339 ms
2606:4700:8d99:84a0:9907:be2a:ec67:a93f,CDG,Europe,Paris,339 ms
2606:4700:8394:3312:a820:1b15:7641:b50c,CDG,Europe,Paris,339 ms
2606:4700:9a92:cdd3:d94c:463b:7d29:bc2d,CDG,Europe,Paris,339 ms
2606:4700:9a63:18ee:faaf:1c47:9fb9:2353,CDG,Europe,Paris,339 ms
2606:4700:8399:ea51:df21:5ba9:8e49:b32b,CDG,Europe,Paris,340 ms
2606:4700:9c63:9be6:faa4:90da:74d5:cc8e,CDG,Europe,Paris,340 ms
2606:4700:8ca4:1efc:4c25:3f3:a427:9bb4,CDG,Europe,Paris,340 ms
2606:4700:90d7:3f03:e4d8:44ca:ea9b:2dcc,CDG,Europe,Paris,340 ms
2606:4700:90cc:8168:6e10:c818:fe7f:c587,CDG,Europe,Paris,340 ms
2606:4700:99ef:3480:7c6f:b7d4:15b6:c87,CDG,Europe,Paris,340 ms
2606:4700:9add:b255:6f7f:1403:45c9:1656,CDG,Europe,Paris,340 ms
2606:4700:9b0d:326f:1025:dbce:b430:a91d,CDG,Europe,Paris,340 ms
2606:4700:90cd:9e50:ac16:9571:efb7:244a,CDG,Europe,Paris,340 ms
2606:4700:8d93:b65d:fcc5:6a0d:3440:6e5f,CDG,Europe,Paris,340 ms
2606:4700:99e0:de:16b8:cf8c:f0:c46d,CDG,Europe,Paris,340 ms
2606:4700:8d9d:dd8f:2a74:2c77:4283:7d0a,CDG,Europe,Paris,341 ms
2606:4700:9b06:4542:9213:b709:c6b0:b978,CDG,Europe,Paris,341 ms
2606:4700:9adc:c3e1:c8b2:fc00:4e58:2263,CDG,Europe,Paris,341 ms
2606:4700:91b7:a692:e8e9:28b2:1230:4583,CDG,Europe,Paris,341 ms
2606:4700:8d74:7c:c49a:64aa:a30d:a9fe,CDG,Europe,Paris,341 ms
2606:4700:8d9a:3b34:a87f:2e3b:ccfe:43fb,CDG,Europe,Paris,341 ms
2606:4700:9a6a:5c9a:5ded:386e:b6b9:f00a,CDG,Europe,Paris,342 ms
2606:4700:8dd8:69fa:dcf2:3f2d:ba96:a59,CDG,Europe,Paris,344 ms
2606:4700:9642:7e00:3b64:1572:4799:9ce,CDG,Europe,Paris,346 ms
2606:4700:9a99:ba5b:65e8:39a2:7b12:9482,CDG,Europe,Paris,347 ms
2606:4700:99ee:7864:6ea8:909e:31a4:5df0,CDG,Europe,Paris,347 ms
2606:4700:9aec:1dfc:8270:6105:153b:15f2,CDG,Europe,Paris,347 ms
2606:4700:90c9:97ae:140e:6c9e:5b4e:a1ff,CDG,Europe,Paris,347 ms
2606:4700:1b:ec62:3596:e6e7:a002:d6b3,LAX,North America,Los Angeles,347 ms
2606:4700:99e8:453f:47a1:d69f:18df:8a1f,CDG,Europe,Paris,348 ms
2606:4700:90df:4b3f:aa2c:266e:a7a2:dcb5,CDG,Europe,Paris,349 ms
2606:4700:8caa:463e:eaf1:7a30:18a4:9d40,CDG,Europe,Paris,349 ms
2606:4700:99e4:3dcd:8ca2:6088:fecf:8fe1,CDG,Europe,Paris,349 ms
2606:4700:8ca6:9915:8407:671f:6599:4479,CDG,Europe,Paris,349 ms
2606:4700:90d6:e454:ab20:9440:e8e4:925c,CDG,Europe,Paris,350 ms
2606:4700:8d79:f346:8de0:5d91:db98:5b78,CDG,Europe,Paris,350 ms
2606:4700:9c65:c20d:f1b6:f92:4fc6:9cea,CDG,Europe,Paris,350 ms
2606:4700:9c60:567:8185:11c9:c343:48bc,CDG,Europe,Paris,350 ms
2606:4700:99e5:cfa1:e520:f601:75b3:d6a3,CDG,Europe,Paris,350 ms
2606:4700:8de3:40d4:5729:3a07:603d:53f1,CDG,Europe,Paris,350 ms
2606:4700:8ca0:7409:e580:acd3:673d:430a,CDG,Europe,Paris,350 ms
2606:4700:9a62:30e6:5143:dedd:1806:90ea,CDG,Europe,Paris,351 ms
2606:4700:90cb:2e5b:c06c:a724:6e33:7f10,CDG,Europe,Paris,351 ms
2606:4700:9c6a:1d52:df2:95fe:9de0:ed1b,CDG,Europe,Paris,351 ms
2606:4700:8de4:2298:d089:9f1a:f021:9a32,CDG,Europe,Paris,351 ms
2606:4700:9b05:dde5:1afb:ac07:c8a9:c4a,CDG,Europe,Paris,352 ms
2606:4700:9c64:8d57:a890:230f:6a79:c214,CDG,Europe,Paris,352 ms
2606:4700:9a94:d94f:5b42:e054:82c8:ac2e,CDG,Europe,Paris,352 ms
2606:4700:8dd3:910f:6065:8b3a:3b3a:8fe2,CDG,Europe,Paris,352 ms
2606:4700:99ec:2d30:ede1:8de7:6e23:cd7e,CDG,Europe,Paris,352 ms
2606:4700:9a98:172:c82a:e821:1e94:f9fa,CDG,Europe,Paris,352 ms
2606:4700:90c6:7d3e:7e5a:f21e:e926:1dd0,CDG,Europe,Paris,352 ms
2606:4700:8d7d:2254:ac99:f850:bc8a:c1b6,CDG,Europe,Paris,353 ms
2606:4700:839a:58af:27e:8e0a:a684:a1b3,CDG,Europe,Paris,353 ms
2606:4700:8392:c9c0:3fa8:6351:1205:6903,CDG,Europe,Paris,353 ms
2606:4700:9a97:d04a:c06:853e:3a94:1d63,CDG,Europe,Paris,353 ms
2606:4700:3020:f008:89e4:3e06:7cda:98ec,LAX,North America,Los Angeles,354 ms
2606:4700:9761:2a7e:32a:8f9d:bc3c:1dfe,CDG,Europe,Paris,354 ms
2606:4700:9a64:9af2:44fa:e49c:2989:4e71,CDG,Europe,Paris,354 ms
2606:4700:2b:1fa0:3ca4:607e:250:3191,LAX,North America,Los Angeles,354 ms
2606:4700:9a6f:8053:1f1c:8cfa:993b:c06e,CDG,Europe,Paris,355 ms
2606:4700:91b6:e003:f26a:8667:28ef:3b63,CDG,Europe,Paris,355 ms
2606:4700:9a9e:1c39:a174:1f7:8d83:1531,CDG,Europe,Paris,355 ms
2606:4700:9ae3:1989:ec4f:1c62:4984:1f59,CDG,Europe,Paris,355 ms
2606:4700:8d7c:a130:a803:1225:75fb:ad96,CDG,Europe,Paris,355 ms
2606:4700:8390:3b40:2ddd:ba2a:9d9e:f572,CDG,Europe,Paris,355 ms
2606:4700:9b0f:782b:367e:591e:45c7:bb17,CDG,Europe,Paris,355 ms
2606:4700:9ad6:a394:abd3:6661:acf4:ac29,CDG,Europe,Paris,355 ms
2606:4700:90d8:ac8a:260c:f956:6951:ddb3,CDG,Europe,Paris,355 ms
2606:4700:8ca2:81c6:de2f:f8dc:a32d:9092,CDG,Europe,Paris,356 ms
2606:4700:91b3:9e07:282d:4795:4a44:4b6c,CDG,Europe,Paris,356 ms
2606:4700:99ea:dcd7:36f4:d70c:36ae:f208,CDG,Europe,Paris,356 ms
2606:4700:9643:7577:6531:8986:346a:d929,CDG,Europe,Paris,356 ms
2606:4700:99ed:fe3:8934:6834:28ed:6aea,CDG,Europe,Paris,356 ms
2606:4700:99e2:eff9:9f78:4675:d1b0:8b2c,CDG,Europe,Paris,356 ms
2606:4700:976e:c667:f977:281f:fa09:2f48,CDG,Europe,Paris,357 ms
2606:4700:8ca1:8b5d:84b0:8d4e:1503:827,CDG,Europe,Paris,357 ms
2606:4700:91bd:f69b:bdde:89a1:d4bf:dac0,CDG,Europe,Paris,357 ms
2606:4700:91bb:411f:a731:353e:b36a:be69,CDG,Europe,Paris,357 ms
2606:4700:8ddf:6f63:aa20:75d6:5af:aa09,CDG,Europe,Paris,358 ms
2606:4700:9a9c:1bdc:972a:587f:3090:1ec6,CDG,Europe,Paris,358 ms
2606:4700:9a67:9895:2e34:eb75:40ce:1699,CDG,Europe,Paris,358 ms
2606:4700:9767:5b77:e12b:704b:d7f7:8fd5,CDG,Europe,Paris,358 ms
2606:4700:9b07:7078:230a:be49:7bab:9d5a,CDG,Europe,Paris,359 ms
2606:4700:9a65:4385:fa38:dc0a:b396:c2fd,CDG,Europe,Paris,359 ms
2606:4700:9768:c269:430e:1009:88a:e7de,CDG,Europe,Paris,359 ms
2606:4700:8d7e:339:a3b7:5b12:9417:4da8,CDG,Europe,Paris,359 ms
2606:4700:91b0:8264:bf33:cb6f:8f07:47ab,CDG,Europe,Paris,359 ms
2606:4700:9c6b:4ea8:c2ed:6234:264f:835a,CDG,Europe,Paris,359 ms
2606:4700:9c6f:33f7:b1b6:e0a3:ab2d:6a17,CDG,Europe,Paris,359 ms
2606:4700:839d:be87:7739:8d5a:c038:2dbe,CDG,Europe,Paris,360 ms
2606:4700:16:6118:264d:76f8:3771:c331,LAX,North America,Los Angeles,360 ms
2606:4700:8dd5:2cd0:825a:8200:4fb1:5c77,CDG,Europe,Paris,360 ms
2606:4700:964c:a4c9:c777:8a7a:41d8:e304,CDG,Europe,Paris,360 ms
2606:4700:8d9f:adac:5d7e:96ef:d50:dfec,CDG,Europe,Paris,360 ms
2606:4700:839c:2bb0:3ee0:fd8:a149:723a,CDG,Europe,Paris,360 ms
2606:4700:8de9:e305:9fea:9b72:6f8:bf6c,CDG,Europe,Paris,360 ms
2606:4700:90d0:6b41:2a09:c75f:9382:af1c,CDG,Europe,Paris,360 ms
2606:4700:8ca3:cdca:e3ae:82d5:e436:7724,CDG,Europe,Paris,361 ms
2606:4700:9a69:c2db:1c53:8f49:61f2:ae97,CDG,Europe,Paris,361 ms
2606:4700:9b0c:6ce0:8a1d:203:2651:a799,CDG,Europe,Paris,361 ms
2606:4700:91b4:2d4d:d0cd:9265:10a:5bfe,CDG,Europe,Paris,361 ms
2606:4700:9aed:a8:8332:4a45:6962:c09a,CDG,Europe,Paris,361 ms
2606:4700:3016:34b4:eaaf:47b2:9830:16ad,LAX,North America,Los Angeles,361 ms
2606:4700:8d9b:13e1:aaab:a84a:6535:3fca,CDG,Europe,Paris,361 ms
2606:4700:9ae6:62ca:506a:8b30:7c82:3b99,CDG,Europe,Paris,362 ms
2606:4700:8dec:e1f9:9c08:7173:30da:cf33,CDG,Europe,Paris,362 ms
2606:4700:90dc:2931:5cf1:562:aaf6:3ab3,CDG,Europe,Paris,362 ms
2606:4700:9645:be38:532c:69ac:9009:17ea,CDG,Europe,Paris,362 ms
2606:4700:9c68:989d:c3dd:42ef:311e:9c56,CDG,Europe,Paris,369 ms
2606:4700:9a95:7ff4:8104:2546:804e:8c8b,CDG,Europe,Paris,370 ms
2606:4700:9b00:b838:9d56:552a:4584:86a0,CDG,Europe,Paris,370 ms
2606:4700:99e6:68f1:24ad:755a:ee7b:770e,CDG,Europe,Paris,371 ms
2606:4700:27:63c4:beb6:46ab:5138:3a5d,LAX,North America,Los Angeles,371 ms
2606:4700:8dda:2074:d9a8:4894:2bc0:4267,CDG,Europe,Paris,371 ms
2606:4700:9a6c:c9e9:e3fb:3a82:2fad:2a86,CDG,Europe,Paris,377 ms
2606:4700:8ca9:6804:f84b:8369:c8c:a8a,CDG,Europe,Paris,378 ms
2606:4700:1c:66bf:7c6f:6729:ded3:8808,LAX,North America,Los Angeles,378 ms
2606:4700:91be:9820:7758:1e59:670c:709,CDG,Europe,Paris,379 ms
2606:4700:9641:96ad:a0c3:8501:da45:1f71,CDG,Europe,Paris,380 ms
2606:4700:99eb:6e88:987a:ed0d:198d:d235,CDG,Europe,Paris,380 ms
2606:4700:8398:ac25:e3f3:c9c4:779d:e9dd,CDG,Europe,Paris,381 ms
2606:4700:9a90:8d1:2fd7:9bb9:4849:2628,CDG,Europe,Paris,381 ms
2606:4700:964a:655f:b66d:8610:f9bc:e34a,CDG,Europe,Paris,381 ms
2606:4700:9c6e:d613:2b2c:3c9f:8fca:c988,CDG,Europe,Paris,381 ms
2606:4700:91b9:a145:a347:df4e:a748:5dd8,CDG,Europe,Paris,382 ms
2606:4700:90c1:2b08:2c4b:57a5:77df:5527,CDG,Europe,Paris,383 ms
2606:4700:8ded:5ca8:8f9e:5cd3:c7f1:9a65,CDG,Europe,Paris,384 ms
2606:4700:9648:20fe:1380:af20:50ea:20d8,CDG,Europe,Paris,385 ms
2606:4700:9b02:29cb:195f:2e78:6d31:c34a,CDG,Europe,Paris,388 ms
2606:4700:9b04:89f2:486f:daad:b6c9:1f55,CDG,Europe,Paris,388 ms
2606:4700:99e7:257f:6b74:f558:930b:b795,CDG,Europe,Paris,391 ms
2606:4700:8d7a:687c:f724:9f8c:2713:c1e8,CDG,Europe,Paris,391 ms
2606:4700:8dee:d4ab:f181:38b:c213:b8bb,CDG,Europe,Paris,391 ms
2606:4700:9763:ef2b:c067:7f23:55d3:2db5,CDG,Europe,Paris,392 ms
2606:4700:91b8:faa4:49c:cbbc:2655:3fd,CDG,Europe,Paris,392 ms
2606:4700:8dd9:edcc:79f5:cbd2:fba8:9dd8,CDG,Europe,Paris,392 ms
2606:4700:9640:3bb7:e0b1:40eb:8d5b:7c11,CDG,Europe,Paris,393 ms
2606:4700:8d75:8617:dd92:783d:4eb5:9a4c,CDG,Europe,Paris,394 ms
2606:4700:9ada:e218:d871:e58:dee4:9a21,CDG,Europe,Paris,394 ms
2606:4700:8cac:e45b:fc09:b28b:a3fe:e157,CDG,Europe,Paris,394 ms
2606:4700:9a93:5aa:a8e6:f2d0:8821:5a9c,CDG,Europe,Paris,395 ms
2606:4700:9b09:c867:96a:f7e5:e65c:e9d1,CDG,Europe,Paris,395 ms
2606:4700:9c61:e650:6eba:5c8b:864d:1575,CDG,Europe,Paris,395 ms
2606:4700:90c5:7221:cb1a:d223:a6a8:89fd,CDG,Europe,Paris,395 ms
2606:4700:90d3:255c:e567:fdb6:3cfa:8104,CDG,Europe,Paris,395 ms
2606:4700:9b0e:da96:fd36:db9b:549e:31d6,CDG,Europe,Paris,395 ms
2606:4700:8dd1:a796:a4ca:9d25:9541:ecaf,CDG,Europe,Paris,396 ms
2606:4700:8de0:dea7:7804:1d3e:ad69:d4b9,CDG,Europe,Paris,396 ms
2606:4700:90d2:9f21:c5d7:2ee8:cddf:52fe,CDG,Europe,Paris,396 ms
2606:4700:8d71:5d93:5ecf:8860:d4f0:df5e,CDG,Europe,Paris,396 ms
2606:4700:8d91:2b98:7a89:c6e4:70c0:8586,CDG,Europe,Paris,396 ms
2606:4700:83be:960:bd8e:a346:99cd:155c,CDG,Europe,Paris,396 ms
2606:4700:964b:269f:9125:c6da:19df:f52a,CDG,Europe,Paris,397 ms
2606:4700:90d9:7090:4d2b:28ca:8ba1:7e2c,CDG,Europe,Paris,398 ms
2606:4700:90dd:7ea9:b595:d898:4cd8:1229,CDG,Europe,Paris,398 ms
2606:4700:8d9e:98a5:6c17:b7db:5a0f:dc6c,CDG,Europe,Paris,398 ms
2606:4700:8ddb:236e:a91e:6574:1150:703a,CDG,Europe,Paris,399 ms
2606:4700:1f:9dc1:aa6b:d9a2:18c4:3d77,LAX,North America,Los Angeles,399 ms
2606:4700:9c62:378d:7d57:2b13:7a7f:4749,CDG,Europe,Paris,399 ms
2606:4700:8ca8:d9de:7d8f:891c:cf37:6b5b,CDG,Europe,Paris,399 ms
2606:4700:9adf:dc03:fea5:6e74:7395:ab86,CDG,Europe,Paris,400 ms
2606:4700:1d:2f34:d48b:489b:971:5aea,LAX,North America,Los Angeles,400 ms
2606:4700:8cae:67d4:20ae:134d:6103:7241,CDG,Europe,Paris,400 ms
2606:4700:8dd4:306b:8e20:db13:897c:6045,CDG,Europe,Paris,401 ms
2606:4700:8ca5:d1a8:ce9:f7d6:2865:f917,CDG,Europe,Paris,401 ms
2606:4700:8d76:ae60:7941:ebf3:8b96:8286,CDG,Europe,Paris,402 ms
2606:4700:90d4:9cf4:2049:aae2:3339:bc55,CDG,Europe,Paris,402 ms
2606:4700:9a6e:f98:ea17:2a7b:5c92:6da8,CDG,Europe,Paris,402 ms
2606:4700:8caf:d7be:579b:2e72:c959:9ba1,CDG,Europe,Paris,403 ms
2606:4700:8396:a7a:9daa:b1bd:5b3d:6b78,CDG,Europe,Paris,404 ms
2606:4700:3029:8b27:ad92:2ea7:10f2:ba7f,LAX,North America,Los Angeles,406 ms
2606:4700:8397:12b4:672a:e9c8:b49:d3d6,CDG,Europe,Paris,406 ms
2606:4700:839b:e67c:884c:7984:f2fa:2c36,CDG,Europe,Paris,407 ms
2606:4700:9764:b7bd:cdc2:c57b:e9e3:87ed,CDG,Europe,Paris,409 ms
2606:4700:9adb:433f:56c:2f02:9578:1409,CDG,Europe,Paris,409 ms
2606:4700:9ad1:fd7d:1a0d:9b56:e962:a702,CDG,Europe,Paris,411 ms
2606:4700:90db:255b:c62f:392:f638:b40,CDG,Europe,Paris,411 ms
2606:4700:8d94:b880:f2b8:2d20:4fd4:c1ff,CDG,Europe,Paris,411 ms
2606:4700:8def:594e:1016:1a39:71d4:bee,CDG,Europe,Paris,414 ms
2606:4700:8d96:fa53:4d7e:93c:b7c6:716d,CDG,Europe,Paris,414 ms
2606:4700:8cab:ef20:5fbe:e7a8:e4a7:21d2,CDG,Europe,Paris,415 ms
2606:4700:8d7f:c12f:277f:eebe:b4e9:6057,CDG,Europe,Paris,416 ms
2606:4700:3019:4a70:1343:9630:67b9:437b,LAX,North America,Los Angeles,416 ms
2606:4700:91bf:10b:4b72:822d:822c:8c41,CDG,Europe,Paris,416 ms
2606:4700:9ad0:67be:bdb6:cfe:f494:5a8b,CDG,Europe,Paris,417 ms
2606:4700:9aee:ec80:9ccc:cfc2:d1ac:7644,CDG,Europe,Paris,417 ms
2606:4700:8d7b:b99c:b783:819f:224c:de0a,CDG,Europe,Paris,417 ms
2606:4700:9c66:4581:4bd6:8f9b:a38:de14,CDG,Europe,Paris,417 ms
2606:4700:8dd6:4b1a:36ff:5953:68c3:561a,CDG,Europe,Paris,417 ms
2606:4700:8d97:c762:75bb:7ae5:d813:8b16,CDG,Europe,Paris,417 ms
2606:4700:9a68:8ab1:844e:fe18:f605:58a3,CDG,Europe,Paris,417 ms
2606:4700:90de:9fcd:c4bc:7e2d:36c6:1871,CDG,Europe,Paris,418 ms
2606:4700:3010:10fc:c818:41f1:ebf6:4660,LAX,North America,Los Angeles,420 ms
2606:4700:3017:e54f:4480:dd65:892d:d0d9,LAX,North America,Los Angeles,425 ms
2606:4700:3022:fc30:4dd0:7cec:ed3b:3365,LAX,North America,Los Angeles,431 ms
2606:4700:3014:2967:a899:7401:1e5a:31a3,LAX,North America,Los Angeles,483 ms
2606:4700:22:9c05:4d92:f174:bf52:766a,LAX,North America,Los Angeles,483 ms
2606:4700:3012:232e:2526:3613:8aa4:76dd,LAX,North America,Los Angeles,554 ms
2606:4700:17:cc7c:d8b6:53d4:e4e1:bb0b,LAX,North America,Los Angeles,563 ms
2606:4700:10:880:ce85:23ac:79e0:e7d1,LAX,North America,Los Angeles,565 ms
2606:4700:3011:50dc:ad12:292a:4e6e:7510,LAX,North America,Los Angeles,568 ms
2606:4700:25:d272:e477:3695:8710:35bd,LAX,North America,Los Angeles,568 ms
2606:4700:26:12b6:8614:a48c:87e0:e27b,LAX,North America,Los Angeles,568 ms
2a06:98c1:3121:fc23:60c6:dc84:46cc:40b4,LAX,North America,Los Angeles,572 ms
2a06:98c1:3123:3eb9:280c:33fd:9499:4e9,LAX,North America,Los Angeles,577 ms
2606:4700:3026:d331:8327:51b2:9e6e:aa71,LAX,North America,Los Angeles,599 ms
2606:4700:15:1217:ade8:bae9:a7b6:67c9,LAX,North America,Los Angeles,635 ms
2606:4700:29:8d27:c9d9:def8:6001:f9c2,LAX,North America,Los Angeles,655 ms
2606:4700:3023:773c:a337:946b:8768:65ed,LAX,North America,Los Angeles,674 ms
2606:4700:19:31f1:c12e:cdf7:3d99:adc,LAX,North America,Los Angeles,688 ms
2606:4700:18:482b:54c0:bbd0:9fc8:88ba,LAX,North America,Los Angeles,688 ms
2606:4700:3033:135:2f9:3f55:3686:3201,LAX,North America,Los Angeles,693 ms
2606:4700:23:50cd:b89d:826f:16e2:4c60,LAX,North America,Los Angeles,694 ms
2606:4700:2c:b220:6ef6:be7e:21b1:47be,LAX,North America,Los Angeles,698 ms
2606:4700:3021:594f:2f48:a03f:e75a:3e58,LAX,North America,Los Angeles,702 ms
2606:4700:2f:56b9:abde:d4ca:efa9:95f8,LAX,North America,Los Angeles,792 ms
2606:4700:3013:6f8c:9520:957e:f652:a339,LAX,North America,Los Angeles,792 ms
2606:4700:130:305a:c27:8d5:1018:18a9,LAX,North America,Los Angeles,805 ms
2606:4700:131:1dbc:c89f:f37c:a3e9:9656,LAX,North America,Los Angeles,838 ms
2606:4700:132:692d:22f2:a6b4:ef40:ee4f,LAX,North America,Los Angeles,842 ms
2606:4700:3035:a936:12fd:96c1:1b30:b13d,LAX,North America,Los Angeles,879 ms
2606:4700:133:80d8:5c4a:c58e:ee1f:2c1b,LAX,North America,Los Angeles,963 ms
